English,Russian
Algeria,Алжир
Argentina,Аргентина
Australia,Австралия
Austria,Австрия
Belgium,Бельгия
Brazil,Бразилия
Canada,Канада
China,Китай
Czech Republic,Чехия
Denmark,Дания
Egypt,Египет
Finland,Финляндия
France,Франция
Germany,Германия
Greece,Греция
Holland,Голландия
Hungary,Венгрия
India,Индия
Indonesia,Индонезия
Ireland,Ирландия
Italy,Италия
Iran,Иран
Israel,Израиль
Japan,Япония
Kenya,Кения
Korea,Корея
Lebanon,Ливан
Mexico,Мексика
Mongolia,Монголия
Norway,Норвегия
Pakistan,Пакистан
Philippines,Филиппины
Poland,Польша
Romania,Румыния
Scotland,Шотландия
South Africa,Южная Африка
Spain,Испания
Sweden,Швеция
Switzerland,Швейцария
Syria,Сирия
Taiwan,Тайвань
Turkey,Турция
United Kingdom,Великобритания
United States of America,Соединённые-Штаты-Америки
